<?xml version="1.0" encoding="UTF-8" standalone="no"?>
<manifest xmlns="http://tizen.org/ns/packages" api-version="5.0" package="org.tizen.smart-surveillance-camera" version="1.0.0">
    <profile name="iot-headed"/>
    <service-application appid="org.tizen.smart-surveillance-camera" exec="smartsurveillancecamera" multiple="false" nodisplay="true" on-boot="true" taskmanage="false" type="capp">
        <label>smartsurveillancecamera</label>
        <icon>smartsurveillancecamera.png</icon>
        <background-category value="background-network"/>
        <background-category value="iot-communication"/>
    </service-application>
    <privileges>
        <privilege>http://tizen.org/privilege/appdir.shareddata</privilege>
        <privilege>http://tizen.org/privilege/internet</privilege>
        <privilege>http://tizen.org/privilege/camera</privilege>
        <privilege>http://tizen.org/privilege/peripheralio</privilege>
    </privileges>
</manifest>
